{
	"credit": "Made with Blockbench",
	"textures": {
		"0": "block/lily_pad1",
		"1": "block/lily_b2",
		"3": "block/flower2",
		"4": "block/lily_pad10",
		"particle": "block/lily_pad1"
	},
	"elements": [
		{
			"from": [0, 1, 8],
			"to": [8, 1, 16],
			"rotation": {"angle": 0, "axis": "y", "origin": [4, -3, 12]},
			"faces": {
				"north": {"uv": [0, 0, 8, 0], "texture": "#4"},
				"east": {"uv": [0, 0, 8, 0], "texture": "#4"},
				"south": {"uv": [0, 0, 8, 0], "texture": "#4"},
				"west": {"uv": [0, 0, 8, 0], "texture": "#4"},
				"up": {"uv": [0, 0, 8, 8], "texture": "#4"},
				"down": {"uv": [0, 0, 8, 8], "texture": "#4"}
			}
		},
		{
			"from": [3, -11, 12],
			"to": [5, 1, 12],
			"rotation": {"angle": 0, "axis": "y", "origin": [4, -3, 12]},
			"faces": {
				"north": {"uv": [0, 3, 2, 15], "texture": "#3"},
				"east": {"uv": [0, 3, 2, 15], "texture": "#3"},
				"south": {"uv": [0, 3, 2, 15], "texture": "#3"},
				"west": {"uv": [0, 3, 2, 15], "texture": "#3"},
				"up": {"uv": [0, 3, 2, 15], "texture": "#3"},
				"down": {"uv": [0, 3, 2, 15], "texture": "#3"}
			}
		},
		{
			"from": [4, -11, 11],
			"to": [4, 1, 13],
			"rotation": {"angle": 0, "axis": "y", "origin": [4, -3, 12]},
			"faces": {
				"north": {"uv": [0, 3, 2, 15], "texture": "#3"},
				"east": {"uv": [0, 3, 2, 15], "texture": "#3"},
				"south": {"uv": [0, 3, 2, 15], "texture": "#3"},
				"west": {"uv": [0, 3, 2, 15], "texture": "#3"},
				"up": {"uv": [0, 3, 2, 15], "texture": "#3"},
				"down": {"uv": [0, 3, 2, 15], "texture": "#3"}
			}
		},
		{
			"from": [-1, -16, 8],
			"to": [17, 0, 8],
			"rotation": {"angle": -45, "axis": "y", "origin": [8, -8, 8]},
			"faces": {
				"north": {"uv": [0, 0, 16, 16], "rotation": 180, "texture": "#1"},
				"east": {"uv": [0, 0, 16, 0], "rotation": 270, "texture": "#1"},
				"south": {"uv": [0, 0, 16, 16], "rotation": 180, "texture": "#1"},
				"west": {"uv": [0, 0, 16, 0], "rotation": 90, "texture": "#1"},
				"up": {"uv": [0, 0, 16, 0], "rotation": 180, "texture": "#1"},
				"down": {"uv": [0, 0, 16, 0], "texture": "#1"}
			}
		},
		{
			"from": [8, -16, -1],
			"to": [8, 0, 17],
			"rotation": {"angle": -45, "axis": "y", "origin": [8, -8, 8]},
			"faces": {
				"north": {"uv": [0, 0, 16, 0], "rotation": 90, "texture": "#1"},
				"east": {"uv": [0, 0, 16, 16], "rotation": 180, "texture": "#1"},
				"south": {"uv": [0, 0, 16, 0], "rotation": 270, "texture": "#1"},
				"west": {"uv": [0, 0, 16, 16], "rotation": 180, "texture": "#1"},
				"up": {"uv": [0, 0, 16, 0], "rotation": 270, "texture": "#1"},
				"down": {"uv": [0, 0, 16, 0], "rotation": 270, "texture": "#1"}
			}
		},
		{
			"from": [0, 0, 0],
			"to": [16, 0, 16],
			"rotation": {"angle": 0, "axis": "y", "origin": [8, 0, 8]},
			"faces": {
				"north": {"uv": [0, 0, 16, 0], "texture": "#0"},
				"east": {"uv": [0, 0, 16, 0], "texture": "#0"},
				"south": {"uv": [0, 0, 16, 0], "texture": "#0"},
				"west": {"uv": [0, 0, 16, 0], "texture": "#0"},
				"up": {"uv": [0, 0, 16, 16], "rotation": 90, "texture": "#0"},
				"down": {"uv": [0, 0, 16, 16], "rotation": 270, "texture": "#0"}
			}
		},
		{
			"from": [6, 1, 0],
			"to": [14, 1, 8],
			"rotation": {"angle": 0, "axis": "y", "origin": [10, -3, 4]},
			"faces": {
				"north": {"uv": [0, 0, 8, 0], "texture": "#4"},
				"east": {"uv": [0, 0, 8, 0], "texture": "#4"},
				"south": {"uv": [0, 0, 8, 0], "texture": "#4"},
				"west": {"uv": [0, 0, 8, 0], "texture": "#4"},
				"up": {"uv": [0, 0, 8, 8], "rotation": 180, "texture": "#4"},
				"down": {"uv": [0, 0, 8, 8], "rotation": 180, "texture": "#4"}
			}
		},
		{
			"from": [9, -11, 4],
			"to": [11, 1, 4],
			"rotation": {"angle": 0, "axis": "y", "origin": [10, -3, 4]},
			"faces": {
				"north": {"uv": [0, 3, 2, 15], "texture": "#3"},
				"east": {"uv": [0, 3, 2, 15], "texture": "#3"},
				"south": {"uv": [0, 3, 2, 15], "texture": "#3"},
				"west": {"uv": [0, 3, 2, 15], "texture": "#3"},
				"up": {"uv": [0, 3, 2, 15], "rotation": 180, "texture": "#3"},
				"down": {"uv": [0, 3, 2, 15], "rotation": 180, "texture": "#3"}
			}
		},
		{
			"from": [10, -11, 3],
			"to": [10, 1, 5],
			"rotation": {"angle": 0, "axis": "y", "origin": [10, -3, 4]},
			"faces": {
				"north": {"uv": [0, 3, 2, 15], "texture": "#3"},
				"east": {"uv": [0, 3, 2, 15], "texture": "#3"},
				"south": {"uv": [0, 3, 2, 15], "texture": "#3"},
				"west": {"uv": [0, 3, 2, 15], "texture": "#3"},
				"up": {"uv": [0, 3, 2, 15], "rotation": 180, "texture": "#3"},
				"down": {"uv": [0, 3, 2, 15], "rotation": 180, "texture": "#3"}
			}
		}
	],
	"display": {
		"fixed": {
			"rotation": [-90, 0, 0],
			"translation": [0, 0, 8]
		}
	},
	"groups": [
		{
			"name": "group",
			"origin": [8, 8, 14],
			"children": [0, 1, 2]
		},
		{
			"name": "lily_1",
			"origin": [8, 16, 8],
			"children": [
				{
					"name": "group",
					"origin": [8, 8, 8],
					"children": [3, 4]
				}, 5]
		},
		{
			"name": "group",
			"origin": [8, 8, 14],
			"children": [6, 7, 8]
		}
	]
}