{
	"credit": "Made with Blockbench",
	"textures": {
		"3": "block/flower2",
		"particle": "block/texture"
	},
	"elements": [
		{
			"from": [12.5, -16, 4],
			"to": [12.5, 4, 7],
			"rotation": {"angle": 0, "axis": "y", "origin": [12.5, -6, 5.5]},
			"faces": {
				"north": {"uv": [0, 0, 0, 16], "texture": "#3"},
				"east": {"uv": [0, 0, 3, 16], "texture": "#3"},
				"south": {"uv": [0, 0, 0, 16], "texture": "#3"},
				"west": {"uv": [0, 0, 3, 16], "texture": "#3"},
				"up": {"uv": [0, 0, 0, 3], "rotation": 180, "texture": "#3"},
				"down": {"uv": [0, 0, 0, 3], "rotation": 180, "texture": "#3"}
			}
		},
		{
			"from": [11, -16, 5.5],
			"to": [14, 4, 5.5],
			"rotation": {"angle": 0, "axis": "y", "origin": [12.5, -6, 5.5]},
			"faces": {
				"north": {"uv": [0, 0, 3, 16], "texture": "#3"},
				"east": {"uv": [0, 0, 0, 16], "texture": "#3"},
				"south": {"uv": [0, 0, 3, 16], "texture": "#3"},
				"west": {"uv": [0, 0, 0, 16], "texture": "#3"},
				"up": {"uv": [0, 0, 0, 3], "rotation": 90, "texture": "#3"},
				"down": {"uv": [0, 0, 0, 3], "rotation": 270, "texture": "#3"}
			}
		},
		{
			"from": [10.5, -12, 11],
			"to": [10.5, 8, 14],
			"rotation": {"angle": 0, "axis": "y", "origin": [10.5, -2, 12.5]},
			"faces": {
				"north": {"uv": [0, 0, 0, 16], "texture": "#3"},
				"east": {"uv": [0, 0, 3, 16], "texture": "#3"},
				"south": {"uv": [0, 0, 0, 16], "texture": "#3"},
				"west": {"uv": [0, 0, 3, 16], "texture": "#3"},
				"up": {"uv": [0, 0, 0, 3], "rotation": 180, "texture": "#3"},
				"down": {"uv": [0, 0, 0, 3], "rotation": 180, "texture": "#3"}
			}
		},
		{
			"from": [9, -12, 12.5],
			"to": [12, 8, 12.5],
			"rotation": {"angle": 0, "axis": "y", "origin": [10.5, -2, 12.5]},
			"faces": {
				"north": {"uv": [0, 0, 3, 16], "texture": "#3"},
				"east": {"uv": [0, 0, 0, 16], "texture": "#3"},
				"south": {"uv": [0, 0, 3, 16], "texture": "#3"},
				"west": {"uv": [0, 0, 0, 16], "texture": "#3"},
				"up": {"uv": [0, 0, 0, 3], "rotation": 90, "texture": "#3"},
				"down": {"uv": [0, 0, 0, 3], "rotation": 270, "texture": "#3"}
			}
		},
		{
			"from": [3.5, -16, 9],
			"to": [3.5, 4, 12],
			"rotation": {"angle": 0, "axis": "y", "origin": [3.5, -6, 10.5]},
			"faces": {
				"north": {"uv": [0, 0, 0, 16], "texture": "#3"},
				"east": {"uv": [0, 0, 3, 16], "texture": "#3"},
				"south": {"uv": [0, 0, 0, 16], "texture": "#3"},
				"west": {"uv": [0, 0, 3, 16], "texture": "#3"},
				"up": {"uv": [0, 0, 0, 3], "rotation": 180, "texture": "#3"},
				"down": {"uv": [0, 0, 0, 3], "rotation": 180, "texture": "#3"}
			}
		},
		{
			"from": [2, -16, 10.5],
			"to": [5, 4, 10.5],
			"rotation": {"angle": 0, "axis": "y", "origin": [3.5, -6, 10.5]},
			"faces": {
				"north": {"uv": [0, 0, 3, 16], "texture": "#3"},
				"east": {"uv": [0, 0, 0, 16], "texture": "#3"},
				"south": {"uv": [0, 0, 3, 16], "texture": "#3"},
				"west": {"uv": [0, 0, 0, 16], "texture": "#3"},
				"up": {"uv": [0, 0, 0, 3], "rotation": 90, "texture": "#3"},
				"down": {"uv": [0, 0, 0, 3], "rotation": 270, "texture": "#3"}
			}
		}
	],
	"display": {
		"fixed": {
			"rotation": [-90, 0, 0],
			"translation": [0, 0, 8]
		}
	},
	"groups": [
		{
			"name": "lily_4",
			"origin": [4, 11, 9.5],
			"children": [
				{
					"name": "group",
					"origin": [4, 11, 9.5],
					"children": [0, 1]
				},
				{
					"name": "group",
					"origin": [4, 11, 9.5],
					"children": [2, 3]
				},
				{
					"name": "group",
					"origin": [4, 11, 9.5],
					"children": [4, 5]
				}
			]
		}
	]
}