{
	"credit": "Made with Blockbench",
	"textures": {
		"0": "block/lily_pad",
		"1": "block/lily_b1",
		"2": "block/flower1",
		"3": "block/flower2",
		"particle": "block/lily_pad"
	},
	"elements": [
		{
			"from": [3.5, -15, 9],
			"to": [3.5, 5, 12],
			"rotation": {"angle": 0, "axis": "y", "origin": [3.5, -5, 10.5]},
			"faces": {
				"north": {"uv": [0, 0, 0, 16], "texture": "#3"},
				"east": {"uv": [0, 0, 3, 16], "texture": "#3"},
				"south": {"uv": [0, 0, 0, 16], "texture": "#3"},
				"west": {"uv": [0, 0, 3, 16], "texture": "#3"},
				"up": {"uv": [0, 0, 0, 3], "rotation": 180, "texture": "#3"},
				"down": {"uv": [0, 0, 0, 3], "rotation": 180, "texture": "#3"}
			}
		},
		{
			"from": [2, -15, 10.5],
			"to": [5, 5, 10.5],
			"rotation": {"angle": 0, "axis": "y", "origin": [3.5, -5, 10.5]},
			"faces": {
				"north": {"uv": [0, 0, 3, 16], "texture": "#3"},
				"east": {"uv": [0, 0, 0, 16], "texture": "#3"},
				"south": {"uv": [0, 0, 3, 16], "texture": "#3"},
				"west": {"uv": [0, 0, 0, 16], "texture": "#3"},
				"up": {"uv": [0, 0, 0, 3], "rotation": 90, "texture": "#3"},
				"down": {"uv": [0, 0, 0, 3], "rotation": 270, "texture": "#3"}
			}
		},
		{
			"from": [11, 0, 12],
			"to": [15, 5, 12],
			"rotation": {"angle": -45, "axis": "y", "origin": [13, 2.5, 12]},
			"faces": {
				"north": {"uv": [0, 0, 4, 5], "texture": "#2"},
				"east": {"uv": [0, 0, 0, 5], "texture": "#2"},
				"south": {"uv": [0, 0, 4, 5], "texture": "#2"},
				"west": {"uv": [0, 0, 0, 5], "texture": "#2"},
				"up": {"uv": [0, 0, 4, 0], "texture": "#2"},
				"down": {"uv": [0, 0, 4, 0], "texture": "#2"}
			}
		},
		{
			"from": [13, 0, 10],
			"to": [13, 5, 14],
			"rotation": {"angle": -45, "axis": "y", "origin": [13, 2.5, 12]},
			"faces": {
				"north": {"uv": [0, 0, 0, 5], "texture": "#2"},
				"east": {"uv": [0, 0, 4, 5], "texture": "#2"},
				"south": {"uv": [0, 0, 0, 5], "texture": "#2"},
				"west": {"uv": [0, 0, 4, 5], "texture": "#2"},
				"up": {"uv": [0, 0, 4, 0], "rotation": 90, "texture": "#2"},
				"down": {"uv": [0, 0, 4, 0], "rotation": 270, "texture": "#2"}
			}
		},
		{
			"from": [4, 0, 4],
			"to": [8, 5, 4],
			"rotation": {"angle": -45, "axis": "y", "origin": [6, 2.5, 4]},
			"faces": {
				"north": {"uv": [0, 0, 4, 5], "texture": "#2"},
				"east": {"uv": [0, 0, 0, 5], "texture": "#2"},
				"south": {"uv": [0, 0, 4, 5], "texture": "#2"},
				"west": {"uv": [0, 0, 0, 5], "texture": "#2"},
				"up": {"uv": [0, 0, 4, 0], "texture": "#2"},
				"down": {"uv": [0, 0, 4, 0], "texture": "#2"}
			}
		},
		{
			"from": [6, 0, 2],
			"to": [6, 5, 6],
			"rotation": {"angle": -45, "axis": "y", "origin": [6, 2.5, 4]},
			"faces": {
				"north": {"uv": [0, 0, 0, 5], "texture": "#2"},
				"east": {"uv": [0, 0, 4, 5], "texture": "#2"},
				"south": {"uv": [0, 0, 0, 5], "texture": "#2"},
				"west": {"uv": [0, 0, 4, 5], "texture": "#2"},
				"up": {"uv": [0, 0, 4, 0], "rotation": 90, "texture": "#2"},
				"down": {"uv": [0, 0, 4, 0], "rotation": 270, "texture": "#2"}
			}
		},
		{
			"from": [-1, -16, 8],
			"to": [17, 0, 8],
			"rotation": {"angle": -45, "axis": "y", "origin": [8, -8, 8]},
			"faces": {
				"north": {"uv": [0, 0, 16, 16], "rotation": 180, "texture": "#1"},
				"east": {"uv": [0, 0, 16, 0], "rotation": 270, "texture": "#1"},
				"south": {"uv": [0, 0, 16, 16], "rotation": 180, "texture": "#1"},
				"west": {"uv": [0, 0, 16, 0], "rotation": 90, "texture": "#1"},
				"up": {"uv": [0, 0, 16, 0], "rotation": 180, "texture": "#1"},
				"down": {"uv": [0, 0, 16, 0], "texture": "#1"}
			}
		},
		{
			"from": [8, -16, -1],
			"to": [8, 0, 17],
			"rotation": {"angle": -45, "axis": "y", "origin": [8, -8, 8]},
			"faces": {
				"north": {"uv": [0, 0, 16, 0], "rotation": 90, "texture": "#1"},
				"east": {"uv": [0, 0, 16, 16], "rotation": 180, "texture": "#1"},
				"south": {"uv": [0, 0, 16, 0], "rotation": 270, "texture": "#1"},
				"west": {"uv": [0, 0, 16, 16], "rotation": 180, "texture": "#1"},
				"up": {"uv": [0, 0, 16, 0], "rotation": 270, "texture": "#1"},
				"down": {"uv": [0, 0, 16, 0], "rotation": 270, "texture": "#1"}
			}
		},
		{
			"from": [0, 0, 0],
			"to": [16, 0, 16],
			"rotation": {"angle": 0, "axis": "y", "origin": [8, 0, 8]},
			"faces": {
				"north": {"uv": [0, 0, 16, 0], "texture": "#0"},
				"east": {"uv": [0, 0, 16, 0], "texture": "#0"},
				"south": {"uv": [0, 0, 16, 0], "texture": "#0"},
				"west": {"uv": [0, 0, 16, 0], "texture": "#0"},
				"up": {"uv": [0, 0, 16, 16], "texture": "#0"},
				"down": {"uv": [0, 0, 16, 16], "texture": "#0"}
			}
		}
	],
	"display": {
		"fixed": {
			"rotation": [-90, 0, 0],
			"translation": [0, 0, 8]
		}
	},
	"groups": [
		{
			"name": "lily_1",
			"origin": [8, 16, 8],
			"children": [
				{
					"name": "group",
					"origin": [4, 11, 9.5],
					"children": [0, 1]
				},
				{
					"name": "group",
					"origin": [7, 18.5, 7],
					"children": [2, 3]
				},
				{
					"name": "group",
					"origin": [7, 18.5, 7],
					"children": [4, 5]
				},
				{
					"name": "group",
					"origin": [8, 8, 8],
					"children": [6, 7]
				}, 8]
		}
	]
}