{
	"credit": "Made with Blockbench",
	"textures": {
		"3": "block/flower2",
		"4": "block/lily_pad10",
		"5": "block/flower4",
		"particle": "block/lily_pad1"
	},
	"elements": [
		{
			"from": [14, 2, 13],
			"to": [22, 2, 21],
			"rotation": {"angle": 0, "axis": "y", "origin": [18, -2, 17]},
			"faces": {
				"north": {"uv": [0, 0, 8, 0], "texture": "#4"},
				"east": {"uv": [0, 0, 8, 0], "texture": "#4"},
				"south": {"uv": [0, 0, 8, 0], "texture": "#4"},
				"west": {"uv": [0, 0, 8, 0], "texture": "#4"},
				"up": {"uv": [0, 0, 8, 8], "texture": "#4"},
				"down": {"uv": [0, 0, 8, 8], "texture": "#4"}
			}
		},
		{
			"from": [17, -10, 17],
			"to": [19, 2, 17],
			"rotation": {"angle": 0, "axis": "y", "origin": [18, -2, 17]},
			"faces": {
				"north": {"uv": [0, 3, 2, 15], "texture": "#3"},
				"east": {"uv": [0, 3, 2, 15], "texture": "#3"},
				"south": {"uv": [0, 3, 2, 15], "texture": "#3"},
				"west": {"uv": [0, 3, 2, 15], "texture": "#3"},
				"up": {"uv": [0, 3, 2, 15], "texture": "#3"},
				"down": {"uv": [0, 3, 2, 15], "texture": "#3"}
			}
		},
		{
			"from": [18, -10, 16],
			"to": [18, 2, 18],
			"rotation": {"angle": 0, "axis": "y", "origin": [18, -2, 17]},
			"faces": {
				"north": {"uv": [0, 3, 2, 15], "texture": "#3"},
				"east": {"uv": [0, 3, 2, 15], "texture": "#3"},
				"south": {"uv": [0, 3, 2, 15], "texture": "#3"},
				"west": {"uv": [0, 3, 2, 15], "texture": "#3"},
				"up": {"uv": [0, 3, 2, 15], "texture": "#3"},
				"down": {"uv": [0, 3, 2, 15], "texture": "#3"}
			}
		},
		{
			"from": [-5, 2, 2],
			"to": [3, 2, 10],
			"rotation": {"angle": 0, "axis": "y", "origin": [-1, -2, 6]},
			"faces": {
				"north": {"uv": [0, 0, 8, 0], "texture": "#4"},
				"east": {"uv": [0, 0, 8, 0], "texture": "#4"},
				"south": {"uv": [0, 0, 8, 0], "texture": "#4"},
				"west": {"uv": [0, 0, 8, 0], "texture": "#4"},
				"up": {"uv": [0, 0, 8, 8], "rotation": 180, "texture": "#4"},
				"down": {"uv": [0, 0, 8, 8], "rotation": 180, "texture": "#4"}
			}
		},
		{
			"from": [-2, -10, 6],
			"to": [0, 2, 6],
			"rotation": {"angle": 0, "axis": "y", "origin": [-1, -2, 6]},
			"faces": {
				"north": {"uv": [0, 3, 2, 15], "texture": "#3"},
				"east": {"uv": [0, 3, 2, 15], "texture": "#3"},
				"south": {"uv": [0, 3, 2, 15], "texture": "#3"},
				"west": {"uv": [0, 3, 2, 15], "texture": "#3"},
				"up": {"uv": [0, 3, 2, 15], "rotation": 180, "texture": "#3"},
				"down": {"uv": [0, 3, 2, 15], "rotation": 180, "texture": "#3"}
			}
		},
		{
			"from": [-1, -10, 5],
			"to": [-1, 2, 7],
			"rotation": {"angle": 0, "axis": "y", "origin": [-1, -2, 6]},
			"faces": {
				"north": {"uv": [0, 3, 2, 15], "texture": "#3"},
				"east": {"uv": [0, 3, 2, 15], "texture": "#3"},
				"south": {"uv": [0, 3, 2, 15], "texture": "#3"},
				"west": {"uv": [0, 3, 2, 15], "texture": "#3"},
				"up": {"uv": [0, 3, 2, 15], "rotation": 180, "texture": "#3"},
				"down": {"uv": [0, 3, 2, 15], "rotation": 180, "texture": "#3"}
			}
		},
		{
			"from": [8, 0, -3],
			"to": [16, 0, 5],
			"rotation": {"angle": 0, "axis": "y", "origin": [12, -4, 1]},
			"faces": {
				"north": {"uv": [0, 0, 8, 0], "texture": "#4"},
				"east": {"uv": [0, 0, 8, 0], "texture": "#4"},
				"south": {"uv": [0, 0, 8, 0], "texture": "#4"},
				"west": {"uv": [0, 0, 8, 0], "texture": "#4"},
				"up": {"uv": [0, 0, 8, 8], "rotation": 270, "texture": "#4"},
				"down": {"uv": [0, 0, 8, 8], "rotation": 90, "texture": "#4"}
			}
		},
		{
			"from": [12, -12, 0],
			"to": [12, 0, 2],
			"rotation": {"angle": 0, "axis": "y", "origin": [12, -4, 1]},
			"faces": {
				"north": {"uv": [0, 3, 2, 15], "texture": "#5"},
				"east": {"uv": [0, 3, 2, 15], "texture": "#5"},
				"south": {"uv": [0, 3, 2, 15], "texture": "#5"},
				"west": {"uv": [0, 3, 2, 15], "texture": "#5"},
				"up": {"uv": [0, 3, 2, 15], "rotation": 270, "texture": "#5"},
				"down": {"uv": [0, 3, 2, 15], "rotation": 90, "texture": "#5"}
			}
		},
		{
			"from": [11, -12, 1],
			"to": [13, 0, 1],
			"rotation": {"angle": 0, "axis": "y", "origin": [12, -4, 1]},
			"faces": {
				"north": {"uv": [0, 3, 2, 15], "texture": "#5"},
				"east": {"uv": [0, 3, 2, 15], "texture": "#5"},
				"south": {"uv": [0, 3, 2, 15], "texture": "#5"},
				"west": {"uv": [0, 3, 2, 15], "texture": "#5"},
				"up": {"uv": [0, 3, 2, 15], "rotation": 270, "texture": "#5"},
				"down": {"uv": [0, 3, 2, 15], "rotation": 90, "texture": "#5"}
			}
		}
	],
	"display": {
		"fixed": {
			"rotation": [-90, 0, 0],
			"translation": [0, 0, 8]
		}
	},
	"groups": [
		{
			"name": "group",
			"origin": [8, 8, 14],
			"children": [0, 1, 2]
		},
		{
			"name": "group",
			"origin": [8, 8, 14],
			"children": [3, 4, 5]
		},
		{
			"name": "group",
			"origin": [8, 8, 14],
			"children": [6, 7, 8]
		}
	]
}